create database order_info1;
use order_info1;
create table order_info(order_id int primary key,o_name varchar(20) ,o_cost int,created_at timestamp,created_by varchar(20),modified_at timestamp,modified_by varchar(20));
insert into order_info values(1,'renu',200,now(),'pavan',now(),'siri');
insert into order_info values(2,'mani',300,now(),'ashu',now(),'madhu');
insert into order_info values(3,'mahi',400,now(),'shanta',now(),'pandya');
insert into order_info values(4,'virat',500,now(),'bhagya',now(),'anu');
insert into order_info values(5,'rohita',500,now(),'pritam',now(),'anu');
select* from order_info;
create table payment_info(id int,price int,payment_id int primary key,payment_status varchar(20), order_id int,created_at timestamp,created_by varchar(20),modified_at timestamp,modified_by varchar(20),foreign key(order_id) references order_info(order_id));
insert into payment_info values(101, 2000,201,'paid',1,now(),'shanta',now(),'arjun');
insert into payment_info values(102, 3000,202,'pending',2,now(),'sundar',now(),'tarun');
insert into payment_info values(103, 4000,203,'pending',3,now(),'narendra',now(),'ram');
insert into payment_info values(104, 5000,204,'not paid',4,now(),'ankita',now(),'omkar');
insert into payment_info values(105, 6000,205,'paid',5,now(),'bhavani',now(),'haeesha');
DESC payment_info;
create table restaurant_info1(id int,price int,restaurant_id int primary key,location varchar(20), order_id int, ratings int,payment_id int, created_at timestamp,created_by varchar(20),modified_at timestamp,modified_by varchar(20),foreign key(payment_id) references payment_info(payment_id));
insert into restaurant_info1 values(10,9000,501,'banglore',1,5,201,now(),'shanta',now(),'arjun');
insert into restaurant_info1 values(11,3400,502,'hydrabad',2,4,202,now(),'nani',now(),'kavana');
insert into restaurant_info1 values(12,6500,503,'mumbai',3,4,203,now(),'mahesh',now(),'vishwa');
insert into restaurant_info1 values(13,7800,504,'pune',4,5,204,now(),'khushi',now(),'suresh');
insert into restaurant_info1 values(15,9800,505,'delhi',5,3,205,now(),'pallavi',now(),'laxman');
select * from restaurant_info1;
create table delivery(id int,person_name varchar(20),mode_of_payment enum('online','offline'),restaurant_info int,order_id int ,created_at timestamp,created_by varchar(20),modified_at timestamp,modified_by varchar(20),foreign key(restaurant_info) references restaurant_info1(restaurant_id),foreign key(order_id) references payment_info(order_id));
insert into delivery values(601,'kalpana',2,501,1,now(),'vishal',now(),'shiva');
insert into delivery values(602,'vidya',1,502,2,now(),'kushal',now(),'akhil');
insert into delivery values(603,'mounkika',1,503,3,now(),'mahalaxmi',now(),'murli');
insert into delivery values(604,'stalin',2,504,4,now(),'bhuni',now(),'kartik');
insert into delivery values(605,'dhanush',1,505,5,now(),'usha',now(),'manasa');
select *from delivery;